"id","name","body","author","subreddit","permalink","score","created_utc","parent_id","depth","is_submitter"
"1qpy56t","t3_1qpy56t","Taking Core Classes at Collin College?

Hi everyone! I’m a high school senior accepted into UTD JSOM Business Analytics & AI for Fall 2026.

I’m trying to plan my core classes, and I’d like to take some of them at Collin College to save money and ease my schedule at UTD.

I have a few questions and would love advice from anyone who’s done this:

1. How does the process work to take UTD core courses at Collin College?
2. Can I start taking these courses now, before starting at UTD, or do I have to wait until Fall 2026?
3. How do I enroll in Collin College classes as a future UTD student?
4. Can I still take Collin College classes while I’m attending UTD, like simultaneously?
5. What’s the process to let UTD know about the courses so my credits will transfer?
6. If I take all my core classes at Collin College, does that mean I could take my major-requirement courses at UTD at the same time? Is it possible to be enrolled in both simultaneously, or do I have to finish the core classes first before starting my UTD major courses?
7. Any tips, pitfalls, or advice for doing this as a freshman?

I want to make sure I plan this right and get the credits approved without any issues. Thanks in advance!","Immediate-Band-1925","utdallas","/r/utdallas/comments/1qpy56t/taking_core_classes_at_collin_college/","3","2026-01-29T04:04:55.000Z","","0","true"
"o2csh64","t1_o2csh64","1. Find the UTD transfer credit tool, and make sure the classes you take at Collin will transfer properly to UTD to fulfill your core requirements. Then register for the correct classes at Collin for whichever semester you want to take them.
2. You can start taking classes at Collin this summer if you want: it might be late for spring registration for this semester.
3. Same way you would if you weren’t enrolled in UTD: the process doesn’t change. I believe you should use ApplyTexas if you aren’t already admitted to Collin College, and once you are, you just enroll normally using whatever registration tool they have.
4. Yes: I had a friend take classes at UTD and Dallas college simultaneously in the same semester.
5. For sure let your UTD advisor know of your plan to help you deal with possible pre-requisite related issues, but there should be a tool in your Collin student portal to send your transcript to other places: use it to transfer credits to UTD.
6. You can do core classes and major-required classes at the same time at different schools if you like, but make sure you have pre-requisites done for major-required courses (your major might require calculus or something for math).
7. You have to give extra time to make sure you’re completing all of your work at both schools, and it’s going to be a little harder to keep track of all of it because you’re enrolled at multiple schools. Talk to a Collin College advisor for enrollment questions because you’re definitely not the first person to be in this situation. Try and take exclusively online classes at Collin so you don’t need to also commute there: even better if you can get classes that don’t require any online attendance. Consider that full time tuition at UTD is the same regardless of whether you do 12 or 19 credit hours, so you might actually be spending extra money by enrolling at Collin if you’re already full time at UTD and can just fit the core classes at UTD. If you took a pretty rigorous course load in high school (AP/IB/Dual courses when possible), then you likely don’t need to take that many core classes after high school in general, so don’t be taking extra classes for no reason. Look into CLEP for core class credits if you were good at AP exams and want to control even more of your own time (I’m not sure if CLEP is cheaper than CC tho). Please don’t register for classes at UTD and Collin that happen at the same time/overlap.","Conscious_Baker2207","utdallas","/r/utdallas/comments/1qpy56t/taking_core_classes_at_collin_college/o2csh64/","0","2026-01-29T04:36:14.000Z","t3_1qpy56t","1","false"
"o32dkb0","t1_o32dkb0","Got it! Thank you sm for your time. Appreciate it!","Immediate-Band-1925","utdallas","/r/utdallas/comments/1qpy56t/taking_core_classes_at_collin_college/o32dkb0/","1","2026-02-02T00:01:25.000Z","t1_o2csh64","2","true"
